Arabinose	exp_level	mean_recovery	sem_recovery	num_samples
0	Absent	0.60241342888977	0.0205725772760908	6
0.01	Weak	82.4566846798384	0.610893001245285	6
0.025	Suboptimal	94.0756382397013	0.581175953010315	6
0.05	Near-optimal	97.6136463503881	0.560920302656554	6
0.2	Optimal	99.4702262433514	0.190941436960574	6
0.4	Above-optimal	100.132321476072	0.314486814180689	6
